{
  "throughput": 6.958782406103717,
  "successful_acq": 70,
  "total_acq": 70,
  "success_rate": 100.0,
  "elapsed_time": 10.059231042861938,
  "latencies": [
    138.24250000016036,
    145.87370000026567,
    143.40089999950578,
    144.3067999998675,
    142.34070000020438,
    143.088899999384,
    143.30079999945156,
    145.9340000001248,
    141.86229999995703,
    143.61929999995482,
    143.932599999971,
    143.81959999991523,
    143.29210000050807,
    143.75230000041483,
    143.65730000008625,
    144.21820000006846,
    143.25759999974252,
    145.05199999985052,
    142.6091000002998,
    145.92439999978524,
    142.3635999999533,
    143.03400000062538,
    144.96180000060122,
    142.71240000016405,
    143.71089999985998,
    145.57559999957448,
    141.62500000020373,
    143.6468000001696,
    143.73720000003232,
    143.68869999998424,
    146.69059999960155,
    141.6917000005924,
    142.9336000001058,
    144.7571999997308,
    143.04460000039398,
    143.35070000015548,
    144.04589999958262,
    143.57339999969554,
    144.84129999982542,
    142.6619000003484,
    144.36969999951543,
    144.08709999952407,
    144.63099999920814,
    142.49870000003284,
    143.9853999991101,
    145.47739999943587,
    144.1631999996389,
    141.53369999985443,
    144.39490000040678,
    143.06010000018432,
    143.14879999983532,
    146.10399999946821,
    143.90060000005178,
    141.28970000001573,
    144.59600000009232,
    143.3219000000463,
    145.32120000058057,
    142.17490000010002,
    144.84819999961474,
    142.06760000070062,
    144.34690000052797,
    143.07559999997466,
    145.54729999963456,
    142.55839999987074,
    145.26920000025711,
    141.76919999954407,
    143.70229999985895,
    143.46039999963978,
    144.78570000028412,
    145.0810000005731
  ],
  "mean_latency": 143.69574428568998,
  "m_value": 127,
  "first_errors": []
}