{
  "detailed_results": [
    {
      "m_value": 1,
      "individual_latencies": [
        12.664800000493415,
        20.352100000309292,
        6.223700002010446,
        5.202000000281259,
        20.04809999925783,
        6.788099999539554,
        20.72290000069188,
        7.991500002390239,
        20.578700001351535,
        19.022500004211906,
        5.072100000688806,
        6.040100000973325,
        5.611100001260638,
        20.204699998430442,
        6.53720000264002,
        20.630599996366072,
        20.975699997507036,
        7.52729999658186,
        20.317299997259397,
        21.41529999789782,
        20.361999995657243,
        19.785699994827155,
        6.428600005165208,
        5.803199994261377,
        5.56190000497736,
        5.76569999975618,
        7.0466000033775344,
        21.147300001757685,
        20.31130000250414,
        7.715800005826168
      ],
      "mean_latency": 13.128463333608428,
      "min_latency": 5.072100000688806,
      "max_latency": 21.41529999789782,
      "std_latency": 7.068360580867615,
      "theoretical_acq_time": 0.002,
      "estimated_overhead": 13.126463333608427,
      "overhead_percentage": 99.98476592462363,
      "throughput": 76.1703768818117,
      "successful_acq": 30,
      "total_samples": 30,
      "success_rate": 100.0
    },
    {
      "m_value": 2,
      "individual_latencies": [
        16.83430000412045,
        18.87989999522688,
        21.449400002893526,
        20.880700001725927,
        21.423099999083206,
        8.263700001407415,
        21.171400003368035,
        20.910200000798795,
        21.454200003063306,
        21.69129999674624,
        21.130599998286925,
        20.678500004578382,
        21.527799995965324,
        21.2692999994033,
        21.926399997028057,
        21.158099996682722,
        20.359299996925984,
        21.15860000048997,
        19.238500004576053,
        21.450499996717554,
        21.9541999977082,
        22.03449999797158,
        20.361999995657243,
        6.526500001200475,
        22.036099995602854,
        21.625900000799447,
        21.959999998216517,
        19.97080000001006,
        21.264000002702232,
        6.816699999035336
      ],
      "mean_latency": 19.5802166662664,
      "min_latency": 6.526500001200475,
      "max_latency": 22.036099995602854,
      "std_latency": 4.340476946573248,
      "theoretical_acq_time": 0.004,
      "estimated_overhead": 19.576216666266397,
      "overhead_percentage": 99.97957121686558,
      "throughput": 51.07195783603565,
      "successful_acq": 30,
      "total_samples": 30,
      "success_rate": 100.0
    },
    {
      "m_value": 4,
      "individual_latencies": [
        18.18980000098236,
        21.820699999807402,
        21.523199997318443,
        22.19840000179829,
        23.25610000116285,
        21.401999998488463,
        21.5191999959643,
        21.045700006652623,
        21.4196999950218,
        18.730600000708364,
        22.251299997151364,
        22.778200000175275,
        21.606900001643226,
        19.824399998469744,
        20.966200005204882,
        20.92879999690922,
        21.480800001882017,
        20.949199999449775,
        21.90119999431772,
        20.82949999748962,
        21.322200002032332,
        21.444400001200847,
        21.58709999639541,
        20.881399999780115,
        21.32759999949485,
        21.882499997445848,
        21.211399995081592,
        22.030200001609046,
        22.87619999697199,
        21.45349999773316
      ],
      "mean_latency": 21.354613332611432,
      "min_latency": 18.18980000098236,
      "max_latency": 23.25610000116285,
      "std_latency": 1.0388157320847846,
      "theoretical_acq_time": 0.008,
      "estimated_overhead": 21.346613332611433,
      "overhead_percentage": 99.96253736897319,
      "throughput": 46.828288783523064,
      "successful_acq": 30,
      "total_samples": 30,
      "success_rate": 100.0
    },
    {
      "m_value": 8,
      "individual_latencies": [
        16.94869999482762,
        18.70960000087507,
        21.3274999987334,
        21.124700004293118,
        22.13020000635879,
        22.961700000450946,
        21.66679999936605,
        21.495499997399747,
        21.609299998090137,
        20.9337999986019,
        21.73390000098152,
        21.70990000013262,
        21.62030000181403,
        19.560699998692144,
        22.327400001813658,
        23.149000000557862,
        21.363100000598934,
        19.571800003177486,
        21.832200000062585,
        22.81560000119498,
        19.574600002670195,
        21.92980000108946,
        23.07479999581119,
        21.425300001283176,
        20.822700003918726,
        21.66630000283476,
        19.517199994879775,
        21.93239999905927,
        23.237800000060815,
        21.10270000412129
      ],
      "mean_latency": 21.29584333379171,
      "min_latency": 16.94869999482762,
      "max_latency": 23.237800000060815,
      "std_latency": 1.4060320286238879,
      "theoretical_acq_time": 0.016,
      "estimated_overhead": 21.27984333379171,
      "overhead_percentage": 99.92486796719334,
      "throughput": 46.95752050416454,
      "successful_acq": 30,
      "total_samples": 30,
      "success_rate": 100.0
    },
    {
      "m_value": 16,
      "individual_latencies": [
        30.114000001049135,
        21.52339999884134,
        21.810300000652205,
        21.250700003292877,
        22.81829999992624,
        35.741600004257634,
        23.719700002402533,
        36.20239999872865,
        35.43399999762187,
        22.95869999943534,
        22.63939999829745,
        36.04959999938728,
        23.06479999970179,
        36.037199999555014,
        20.866599996224977,
        21.437100003822707,
        20.801600003323983,
        21.355599994421937,
        22.437100000388455,
        22.589299995161127,
        35.25419999641599,
        23.26349999930244,
        19.983199999842327,
        21.58890000282554,
        21.085499996843282,
        22.727700001269113,
        21.9786000016029,
        35.782400002062786,
        22.565899998880923,
        35.94520000478951
      ],
      "mean_latency": 25.967550000010913,
      "min_latency": 19.983199999842327,
      "max_latency": 36.20239999872865,
      "std_latency": 6.2630847577313515,
      "theoretical_acq_time": 0.032,
      "estimated_overhead": 25.935550000010913,
      "overhead_percentage": 99.87676927549967,
      "throughput": 38.509601406354456,
      "successful_acq": 30,
      "total_samples": 30,
      "success_rate": 100.0
    },
    {
      "m_value": 32,
      "individual_latencies": [
        47.849099995801225,
        39.40669999428792,
        51.55480000394164,
        40.15340000478318,
        52.04970000340836,
        38.41790000296896,
        51.48690000351053,
        37.09849999722792,
        37.06349999993108,
        38.642799998342525,
        37.00750000280095,
        39.53100000217091,
        51.703199998883065,
        37.88709999935236,
        38.62610000214772,
        51.21550000330899,
        39.56540000217501,
        51.44789999758359,
        38.35270000126911,
        38.63410000485601,
        38.16569999617059,
        51.82939999940572,
        38.8639000011608,
        51.163500000257045,
        38.601899999775924,
        38.18609999871114,
        52.18129999411758,
        38.47759999916889,
        51.20519999763928,
        37.42730000521988
      ],
      "mean_latency": 43.126523333679266,
      "min_latency": 37.00750000280095,
      "max_latency": 52.18129999411758,
      "std_latency": 6.357757786157334,
      "theoretical_acq_time": 0.064,
      "estimated_overhead": 43.062523333679266,