{
  "throughput": 6.958056609989877,
  "successful_acq": 70,
  "total_acq": 70,
  "success_rate": 100.0,
  "elapsed_time": 10.060280323028564,
  "latencies": [
    141.85100000008788,
    143.77160000003641,
    143.69689999989532,
    143.7593000000561,
    143.76969999989342,
    143.82180000006883,
    143.6470000001009,
    143.73030000001563,
    143.73470000009547,
    143.7007999998059,
    143.75549999999748,
    143.97650000000795,
    143.41689999992013,
    143.82829999999558,
    143.775499999947,
    143.7045999998645,
    143.7800999999581,
    143.6266999999134,
    143.78020000003744,
    143.73150000005808,
    143.70359999998072,
    143.79729999996016,
    143.72930000013184,
    143.70729999996001,
    143.77680000006876,
    143.73269999987315,
    143.78269999997428,
    144.01010000005954,
    143.42149999993126,
    143.6874999999418,
    143.75089999998636,
    143.65539999994326,
    143.82880000016485,
    143.7025000000176,
    143.74840000004951,
    143.87939999983246,
    143.6089000001175,
    143.7409000000116,
    143.77029999991464,
    143.67240000001402,
    143.75889999996616,
    143.72430000003078,
    143.78759999999602,
    143.7389999998686,
    143.7530999999126,
    143.76420000007784,
    143.6613999999281,
    143.81479999997282,
    143.79239999993843,
    143.7258999999358,
    143.76179999999295,
    143.77469999999448,
    143.59989999979916,
    143.79510000003393,
    143.71200000005047,
    143.78780000015468,
    143.8794999999118,
    143.59510000008413,
    143.82590000013806,
    143.83840000004966,
    143.681099999867,
    143.73639999985244,
    143.69480000004842,
    143.74980000002324,
    143.73929999987922,
    143.80679999999302,
    143.66140000015548,
    144.0842000001794,
    143.3979000000818,
    143.65120000002207
  ],
  "mean_latency": 143.71228999999468,
  "m_value": 127,
  "first_errors": []
}