{
  "throughput": 6.958131255062556,
  "successful_acq": 105,
  "total_acq": 105,
  "success_rate": 100.0,
  "elapsed_time": 15.090258598327637,
  "latencies": [
    140.61909999963973,
    144.18060000025434,
    145.2251000000615,
    142.51989999957004,
    143.22689999971772,
    143.79230000031384,
    143.51669999996375,
    146.2748999992982,
    143.01510000041162,
    142.64690000072733,
    143.37569999952393,
    143.40880000054312,
    143.9424999998664,
    143.43879999978526,
    143.69109999915963,
    143.86869999998453,
    143.70270000017626,
    143.6239000004207,
    143.80509999955393,
    144.1875999998956,
    143.27790000061214,
    144.84260000062932,
    142.6491000001988,
    143.74539999971603,
    144.5932000005996,
    143.1016999995336,
    143.53049999954237,
    143.77479999984644,
    143.72759999969276,
    143.77820000026986,
    144.10450000013952,
    143.94790000005742,
    144.01939999970637,
    143.0276999999478,
    144.05879999958415,
    143.65379999981087,
    143.54939999975613,
    143.51559999977326,
    144.13150000018504,
    143.28459999978804,
    145.45639999960258,
    142.45949999985896,
    143.85380000021541,
    143.77160000003641,
    143.7026000003243,
    143.46459999978833,
    143.6236999998073,
    144.26240000011603,
    144.29000000018277,
    143.07989999997517,
    143.62169999913021,
    143.4666000004654,
    143.75050000035117,
    145.7009999994625,
    141.84250000016618,
    143.71469999969122,
    144.86829999987094,
    142.82429999911983,
    143.5760999993363,
    143.80249999976513,
    143.66679999966436,
    144.80899999944086,
    142.65619999969203,
    143.8152999999147,
    144.72569999998086,
    142.6716000005399,
    143.86819999981526,
    143.61819999976433,
    143.7203999994381,
    144.75339999989956,
    142.64019999973243,
    143.81980000052863,
    144.70239999991463,
    142.75760000055016,
    143.87239999996382,
    145.27429999998276,
    142.15760000024602,
    145.24439999968308,
    142.41069999934552,
    143.41309999963414,
    145.60340000025462,
    142.419400000108,
    143.40119999997114,
    143.71099999971193,
    143.58900000024732,
    143.75980000022537,
    143.71200000005047,
    145.01120000022638,
    142.7321999999549,
    143.45810000031634,
    144.10179999958928,
    143.44049999999697,
    145.91610000024957,
    142.49030000064522,
    142.94319999953586,
    143.50819999981468,
    146.14679999976943,
    141.83299999967858,
    143.22559999982332,
    144.2376000004515,
    143.36370000000898,
    143.89030000074854,
    144.16580000033719,
    143.00580000053742,
    143.82690000002185
  ],
  "mean_latency": 143.71047142852885,
  "m_value": 127,
  "first_errors": []
}