{
  "throughput": 62.62755499569699,
  "successful_acq": 627,
  "total_acq": 627,
  "success_rate": 100.0,
  "elapsed_time": 10.01156759262085,
  "latencies": [
    12.475399999857473,
    15.900399999736692,
    15.942500000164728,
    16.04750000024069,
    16.15250000031665,
    16.132000000652624,
    15.713699999650999,
    16.17210000040359,
    15.867099999923084,
    15.680399999837391,
    16.313199999785866,
    15.931799999634677,
    15.911099999357248,
    16.464299999825016,
    15.451999999640975,
    16.252499999609427,
    16.205400000217196,
    16.000399999938963,
    16.030000000682776,
    15.096999999514082,
    16.35309999983292,
    15.911899999991874,
    16.158700000232784,
    16.08239999950456,
    15.729499999906693,
    15.587099999720522,
    16.427800000201387,
    16.0171999996237,
    16.114899999593035,
    15.752499999507563,
    15.965099999448285,
    15.69519999975455,
    16.195699999116187,
    15.718200000264915,
    16.029500000513508,
    15.946299999995972,
    16.353900000467547,
    15.454200000021956,
    15.918000000056054,
    16.413099999226688,
    15.572600000268721,
    15.930200000184414,
    15.961999999490217,
    15.994899999896006,
    16.496700000061537,
    15.753700000459503,
    15.758599999571743,
    16.392999999879976,
    15.885300000263669,
    16.327199999977893,
    15.853099999731057,
    15.358899999228015,
    15.928799999528565,
    16.18990000042686,
    15.69149999977526,
    16.585399999712536,
    16.111699999783013,
    15.5668000006699,
    15.963099999680708,
    16.03389999945648,
    15.893100000539562,
    16.227600000092934,
    15.259299999343057,
    16.39400000021851,
    16.411400000833964,
    15.800900000613183,
    16.130799999700685,
    16.097499999887077,
    15.667100000428036,
    15.606900000420865,
    15.921700000035344,
    16.041699999732373,
    16.051100000368024,
    15.764799999487877,
    16.007400000489724,
    15.92270000037388,
    16.35729999998148,
    15.38559999971767,
    15.953199999785284,
    15.971200000421959,
    16.27989999997226,
    15.723200000138604,
    16.22510000015609,
    16.021100000216393,
    15.961699999934353,
    15.723400000752008,
    16.372199999750592,
    15.947500000038417,
    16.12310000018624,
    16.07590000003256,
    15.138800000386254,
    16.323700000612007,
    16.00479999979143,
    16.00959999996121,
    16.092899999421206,
    16.304300000228977,
    15.447900000253867,
    15.693199999986973,
    16.166899999916495,
    15.996000000086497,
    15.97239999955491,
    15.739299999950163,
    16.014099999665632,
    16.247200000179873,
    15.986100000191072,
    16.380199999730394,
    15.869399999246525,
    15.193599999292928,
    16.448700000182725,
    15.474700000595476,
    16.51529999980994,
    16.06069999979809,
    15.662300000258256,
    15.964400000484602,
    15.872299999500683,
    16.012200000659504,
    15.979100000549806,
    15.744700000141165,
    16.4465999996537,
    15.761199999360542,
    15.93330000014248,
    15.587900000355148,
    15.935999999783235,
    15.976700000464916,
    16.070800000306917,
    16.325000000506407,
    15.514300000177172,
    16.39699999941513,
    16.047099999923375,
    15.537899999799265,
    16.145999999935157,
    16.08070000020234,
    15.988699999979872,
    16.02439999987837,
    15.858599999774015,
    15.93230000071344,
    16.142800000125135,
    15.93940000020666,
    16.22899999983929,
    15.185899999778485,
    16.01219999975001,
    16.695700000127545,
    15.942900000482041,
    15.704100000220933,
    16.182000000299013,
    15.636899999663001,
    16.10649999929592,
    15.900999999757914,
    15.960900000209222,
    15.755299999909766,
    16.17809999970632,
    15.758399999867834,
    16.169699999409204,
    16.187499999432475,
    15.617899999597284,
    16.4532999997391,
    15.458899999430287,
    16.03049999994255,
    16.11609999963548,
    15.896599999905447,
    15.95759999963775,
    15.891399999418354,
    15.934100000777107,
    16.009800000574614,
    16.028599999117432,
    16.098999999485386,
    15.671499999371008,
    15.667599999687809,
    16.16849999936676,
    16.171100000065053,
    16.063300000496383,
    15.892199999143486,
    15.780799999447481,
    16.1523999995552,
    15.685800000028394,
    16.400500000600005,
    16.12199999999575,
    16.003100000489212,
    15.600400000039372,
    15.623399999640242,
    16.240900000411784,
    15.964400000484602,
    16.00109999981214,
    15.678700000535173,
    16.227400000389025,
    15.991900000699388,
    15.932100000100036,
    16.134600000441424,
    16.062800000327115,
    15.295899999728135,
    16.22769999994489,
    16.098199999760254,
    16.035099999498925,
    16.058999999586376,
    15.833500000553613,
    15.604999999595748,
    16.219600000113132,
    15.717399999630288,
    16.127400000186753,
    16.59380000000965,
    15.09639999949286,
    16.680300000189163,
    15.56350000009843,
    15.985400000317895,
    15.910299999632116,
    16.020400000343216,
    16.018500000427593,
    16.022300000258838,
    15.857699999287433,
    16.63619999999355,
    15.556000000287895,
    15.78960000006191,
    15.779199999997218,
    16.308199999912176,
    16.078700000434765,
    15.92389999950683,
    15.663600000152655,
    15.802199999598088,
    16.093399999590474,
    16.06750000064494,
    16.188200000215147,
    15.651199999410892,
    15.984800000296673,
    16.284499999528634,
    15.638800000488118,
    16.119500000058906,
    15.67830000021786,
    15.706400000453868,
    16.393300000345334,
    15.789099999892642,
    16.152200000760786,
    15.988400000424008,
    15.69389999986015,
    16.031699999984994,
    16.116300000248884,
    15.898900000138383,
    16.073099999630358,
    16.358300000320014,
    15.355600000475533,
    15.98189999913302,
    15.966599999956088,
    16.125299999657727,
    16.232799999670533,
    15.6275999997888,
    16.010399999686342,
    15.987699999641336,
    15.883799999755865,
    16.16360000025452,
    15.80160000048636,
    16.101199999866367,
    15.770599999996193,
    15.932299999803945,
    15.970700000252691,
    15.686400000049616,
    16.45989999997255,
    15.383099999780825,
    16.378500000428176,
    16.021299999920302,
    16.03179999983695,
    16.17779999924096,
    15.250800000103482,
    16.367100000024948,
    15.868700000282843,
    16.07609999973647,
    15.869800000473333,
    16.40750000024127,
    15.562599999611848,
    15.906099999483558,
    16.01420000042708,
    15.68779999979597,
    16.086499999801163,
    16.099100000246835,
    15.983400000550319,
    15.932299999803945,
    15.687099999922793,
    16.359100000045146,
    16.00330000019312,
    15.783599999849685,
    16.022400000110792,
    15.978899999936402,
    16.09180000014021,
    16.155600000274717,
    15.659699999559962,
    15.740099999675294,
    16.25030000013794,
    16.071699999884004,
    16.155500000422762,
    15.817900000001828,
    15.673699999751989,
    16.010299999834388,
    16.016599999602477,
    16.031699999984994,
    15.680600000450795,
    15.910400000393565,
    16.314299999976356,
    15.431700000590354,
    15.894299999672512,
    16.431300000476767,
    16.026100000090082,
    15.98900000044523,
    15.92239999990852,
    15.986199999133532,
    16.09310000003461,
    15.768000000207394,
    15.962100000251667,
    16.104499999528343,
    15.813900000466674,
    16.032100000302307,
    16.378000000258908,
    15.88629999969271,
    15.145299999858253,
    16.493699999955425,
    15.905600000223785,
    16.093300000648014,
    16.214899999795307,
    15.504599999985658,
