{
  "standard": {
    "throughput": 6.958429631480708,
    "successful_acq": 70,
    "total_acq": 70,
    "success_rate": 100.0,
    "elapsed_time": 10.059741020202637,
    "latencies": [
      140.00800000030722,
      143.7781000004179,
      144.01249999991705,
      143.54380000077072,
      145.85379999971337,
      141.48870000008174,
      143.97420000022976,
      143.72959999946033,
      144.62709999952494,
      143.2632999994894,
      144.14149999993242,
      143.26159999927768,
      144.82829999997193,
      142.4088000003394,
      144.7390000002997,
      143.6358000000837,
      142.68710000033025,
      144.44629999979952,
      143.43040000039764,
      143.31599999968603,
      144.98920000005455,
      143.03259999996953,
      143.28670000031707,
      146.56639999975596,
      142.23539999966306,
      142.68150000043534,
      144.41620000070543,
      143.79509999980655,
      143.84359999985463,
      142.9761999997936,
      143.45559999947,
      144.3438000005699,
      144.42899999994552,
      143.79829999961657,
      143.65170000019134,
      142.998099999204,
      144.2135999996026,
      142.8148000004512,
      143.96690000012313,
      143.51169999918056,
      143.65599999928236,
      144.84820000052423,
      143.20210000005318,
      143.6865999994552,
      143.96799999940413,
      143.68439999998373,
      143.19760000034876,
      143.59839999997348,
      144.09510000041337,
      144.4270999991204,
      143.37169999998878,
      145.18989999942278,
      142.45839999966847,
      143.3313999996244,
      144.04110000032233,
      144.21109999966575,
      143.08140000048297,
      143.642699999873,
      144.37009999983275,
      143.6305999995966,
      144.4738000000143,
      142.53110000026936,
      143.70159999998577,
      143.84289999998146,
      143.71750000009342,
      143.38539999971545,
      144.26410000032774,
      144.0574000007473,
      143.56119999956718,
      143.88180000059947
    ],
    "mean_latency": 143.70412857138686,
    "m_value": 127,
    "first_errors": []
  },
  "fast": {
    "throughput": 7.496166495657419,
    "successful_acq": 76,
    "total_acq": 76,
    "success_rate": 100.0,
    "elapsed_time": 10.13851547241211,
    "latencies": [
      139.93349999964266,
      143.98549999987154,
      143.7023999997109,
      143.4559999997873,
      144.192199999452,
      143.55599999998958,
      143.54269999967073,
      143.88199999939388,
      143.79430000008142,
      143.8152999999147,
      143.90709999952378,
      15.702300000157265,
      143.66040000004432,
      144.0560999999434,
      143.53900000060094,
      143.6704000007012,
      144.12759999959235,
      143.27009999942675,
      144.14620000025025,
      143.79860000008193,
      143.40999999967607,
      143.9424999998664,
      15.658799999982875,
      143.79920000010316,
      144.21610000044893,
      143.65269999962038,
      143.44879999953264,
      143.7047999997958,
      143.96670000041922,
      143.8256999999794,
      143.76570000058564,
      143.35980000032578,
      143.75380000001314,
      127.68989999949554,
      15.962000000399712,
      143.98829999936424,
      143.60040000065055,
      143.7063000003036,
      143.99870000033843,
      143.44310000069527,
      143.81860000048619,
      143.63790000061272,
      143.72110000022076,
      144.12930000071356,
      143.33600000009028,
      15.95400000041991,
      143.75169999948412,
      144.14360000046145,
      143.59950000016397,
      143.8152999999147,
      143.396099999336,
      143.7543000001824,
      144.0378999996028,
      143.41269999931683,
      143.77049999984592,
      143.71659999960684,
      15.918699999929231,
      143.736799999715,
      144.03280000078666,
      143.35720000053698,
      143.7895999997636,
      143.761700000141,
      143.73599999998987,
      143.78170000054524,
      143.70359999975335,
      143.73969999996916,
      143.87239999996382,
      143.61689999986993,
      15.943200000037905,
      143.8097000000198,
      144.00190000014845,
      143.49659999970754,
      143.6615000002348,
      143.78990000022895,
      143.71310000024096,
      143.87449999958335
    ],
    "mean_latency": 133.39425789475075,
    "m_value": 127,
    "method": "fast_acquisition_m127",
    "first_errors": []
  },
  "ultra": {
    "throughput": 0.9925372477389349,
    "successful_acq": 10,
    "total_acq": 10,
    "success_rate": 100.0,
    "elapsed_time": 10.075188636779785,
    "latencies": [
      1014.8827000002711,
      1004.5184000000518,
      1001.0736999993242,
      1008.9181000003009,
      1013.2920999994894,
      1003.3655999995972,
      1011.5937999999005,
      1014.383299999281,
      1000.320100000863,
      1002.7688999998645
    ],
    "mean_latency": 1007.5116699998944,
    "m_value": 127,
    "method": "ultra_fast_acquisition_m127",
    "first_errors": []
  },
  "improvements": {
    "latency_improvement_percent": 7.174373331601639,
    "throughput_improvement_percent": 7.727847986619412,
    "latency_gain_ms": 10.309870676636109,
    "throughput_gain_acq_per_s": 0.5377368641767104
  }
}