{
  "sweep_results": [
    {
      "throughput": 62.65195878987216,
      "successful_acq": 126,
      "total_acq": 126,
      "success_rate": 100.0,
      "elapsed_time": 2.011110305786133,
      "latencies": [
        12.959500003489666,
        16.200300000491552,
        15.573399999993853,
        16.52749999630032,
        16.010499995900318,
        16.36790000338806,
        14.81719999719644,
        16.518399999768008,
        16.054799998528324,
        16.90420000522863,
        16.210299996600952,
        15.545099995506462,
        16.388700001698453,
        15.970400003425311,
        15.962100005708635,
        15.779299996211194,
        15.80860000103712,
        16.185799999220762,
        15.870999995968305,
        16.07460000377614,
        16.048700003011618,
        15.506199997616932,
        14.549300001817755,
        16.550000000279397,
        15.810899996722583,
        15.94679999834625,
        16.228200001933146,
        16.557700000703335,
        16.44970000052126,
        16.015699999115895,
        15.909399997326545,
        16.143600005307235,
        15.950700006214902,
        15.551199998299126,
        15.357000003859866,
        15.75790000060806,
        16.057699998782482,
        16.632899998512585,
        16.342099996109027,
        15.994900000805501,
        16.04370000131894,
        15.918500001134817,
        15.996399997675326,
        15.608900001097936,
        16.22240000142483,
        16.05520000157412,
        16.08410000335425,
        15.877499994530808,
        15.630800000508316,
        15.784800001711119,
        16.36599999619648,
        15.751200000522658,
        14.38149999739835,
        16.521200006536674,
        16.275299996777903,
        15.914399999019224,
        15.674599999329075,
        15.861300002143253,
        16.02439999987837,
        16.28000000346219,
        16.67769999767188,
        16.402000001107808,
        15.348300003097393,
        15.119200004846789,
        16.088700002001133,
        15.745100005005952,
        16.550300002563745,
        15.538700004981365,
        15.522499998041894,
        16.39889999933075,
        15.681099997891579,
        16.95300000574207,
        16.606000004685484,
        15.521900000749156,
        16.46920000348473,
        15.51100000506267,
        16.221500001847744,
        15.964899997925386,
        14.263500001106877,
        16.235100003541447,
        15.894500000285916,
        16.169900001841597,
        15.824000001884997,
        16.39710000017658,
        16.193199997360352,
        16.65899999352405,
        16.113599995151162,
        15.839699997741263,
        15.766399999847636,
        16.250400003627874,
        15.952399997331668,
        16.018599999370053,
        15.96389999758685,
        15.719299997726921,
        16.178799996851012,
        15.962599994963966,
        16.00699999835342,
        15.776399995957036,
        15.986200000043027,
        16.070500001660548,
        15.88400000036927,
        16.063999995822087,
        15.643099999579135,
        16.19609999761451,
        15.985200006980449,
        15.857400001550559,
        16.111999997519888,
        15.814899998076726,
        16.099799999210518,
        15.914600000542123,
        15.63709999754792,
        16.14740000513848,
        16.003700002329424,
        16.192900002351962,
        15.925200001220219,
        16.022899995732587,
        15.900800004601479,
        15.837000006285962,
        16.114400001242757,
        15.95880000240868,
        15.819899999769405,
        16.101199995318893,
        15.861699997913092,
        15.961899996909779,
        15.87920000019949,
        16.114600002765656
      ],
      "mean_latency": 15.952176984380154,
      "m_value": 1,
      "first_errors": []
    },
    {
      "throughput": 62.74315168513447,
      "successful_acq": 126,
      "total_acq": 126,
      "success_rate": 100.0,
      "elapsed_time": 2.0081872940063477,
      "latencies": [
        11.121899995487183,
        14.972000004490837,
        16.01719999598572,
        15.666999999666587,
        16.318499998305924,
        15.96169999538688,
        16.08710000436986,
        16.354400002455804,
        15.72419999865815,
        15.771000005770475,
        16.490300004079472,
        16.2108000004082,
        16.538300005777273,
        15.732200001366436,
        15.987400001904462,
        16.032899999117944,
        15.585500004817732,
        16.403199995693285,
        15.887999994447455,
        16.047700002673082,
        15.987300001143012,
        15.575899997202214,
        16.44529999612132,
        15.640700003132224,
        14.339400004246272,
        16.48900000145659,
        15.67810000415193,
        16.276499998639338,
        16.074299994215835,
        15.829899995878804,
        16.62679999571992,
        16.449499998998363,
        14.832200002274476,
        16.157900005055126,
        15.945899998769164,
        16.246399994997773,
        16.03830000385642,
        16.08890000352403,
        16.76720000250498,
        14.241100005165208,
        16.47489999595564,
        16.042499999457505,
        16.784300001745578,
        16.23239999753423,
        15.737999994598795,
        16.29510000202572,
        15.893800002231728,
        15.888299996731803,
        15.953000001900364,
        15.598900004988536,
        16.30959999602055,
        16.063900002336595,
        15.535600003204308,
        14.48569999774918,
        16.37040000059642,
        16.28020000498509,
        16.191800001251977,
        16.97069999499945,
        15.926899999612942,
        15.928000000712927,
        16.012800006137695,
        15.866399997321423,
        16.034699998272117,
        15.962299999955576,
        15.830900003493298,
        16.08940000005532,
        15.836400001717266,
        16.11640000191983,
        15.774100000271574,
        16.16700000158744,
        15.708099999756087,
        16.06799999717623,
        15.906500004348345,
        16.08900000428548,
        14.573200001905207,
        15.976999995473307,
        16.06760000140639,
        16.20760000514565,
        16.177800003788434,
        16.813800000818446,
        14.083000001846813,
        16.301199997542426,
        16.37289999780478,
        15.38750000327127,
        16.282599994156044,
        15.972099994542077,
        15.972099994542077,
        16.72590000089258,
        16.53709999663988,
        15.913800001726486,
        15.98809999995865,
        16.046999997342937,
        15.863000000535976,
        16.038000001572073,
        16.03890000114916,
        15.9297999998671,
        15.94900000054622,
        16.013799999200273,
        15.536699997028336,
        16.380799999751616,
        15.7314000025508,
        16.037499997764826,
        15.988900006050244,
        15.806299998075701,
        16.125000001920853,
        15.89599999715574,
        15.59599999745842,
        16.044199997850228,
        14.924600000085775,
        15.952399997331668,
        16.030099999625236,
        15.809299999091309,
        16.796900003100745,
        16.593799999100156,
        16.047699995397124,
        15.954300004523247,
        15.727100006188266,
        16.218400000070687,
        15.820799999346491,
        15.965600003255531,
        16.097899999294896,
        15.825499998754822,
        16.11639999464387,
        15.879999999015126,
        16.012699998100288,
        15.904200001386926
      ],
      "mean_latency": 15.92953333347973,
      "m_value": 2,
      "first_errors": []
    },
    {
      "throughput": 62.74293566277101,
      "successful_acq": 126,
      "total_acq": 126,
      "success_rate": 100.0,