{
  "standard": {
    "throughput": 6.958829577371217,
    "successful_acq": 70,
    "total_acq": 70,
    "success_rate": 100.0,
    "elapsed_time": 10.059162855148315,
    "latencies": [
      140.6789000000117,
      143.68760000002112,
      143.74540000017078,
      143.80209999990257,
      143.69440000018585,
      143.84990000007747,
      143.8252000000375,
      143.5516000001371,
      143.73440000008486,
      143.7788000000637,
      143.7383999998474,
      143.73350000005303,
      143.726499999957,
      143.83759999986978,
      143.721400000004,
      143.74709999992774,
      143.74049999992167,
      144.3595999999161,
      143.07060000010097,
      143.76279999987673,
      143.70209999992767,
      143.77639999997882,
      143.91200000000026,
      143.5398000000987,
      143.78689999989547,
      143.75769999992372,
      143.73970000019654,
      143.78969999984292,
      144.46079999993344,
      143.02310000016405,
      143.78690000012284,
      143.7234999998509,
      143.6906999999792,
      143.7316000001374,
      143.72370000000956,
      143.74160000011216,
      143.75889999996616,
      144.17809999986275,
      143.5378999999557,
      143.4713000001011,
      143.74449999991157,
      143.74180000004344,
      143.7109999999393,
      143.8501999998607,
      143.66340000015043,
      143.89260000007198,
      143.5563000000002,
      143.70899999994435,
      143.8253999999688,
      144.44539999999506,
      143.00379999986035,
      143.799799999897,
      143.76179999999295,
      143.77119999994648,
      143.67479999987154,
      143.70370000006005,
      144.55580000003465,
      142.94549999999617,
      143.84689999997136,
      143.63319999984014,
      144.5699999999306,
      142.89110000004257,
      144.37859999998182,
      143.03830000017115,
      143.75200000017685,
      143.73010000008435,
      143.7565999999606,
      143.8805999998749,
      143.54489999982434,
      143.7925999998697
    ],
    "mean_latency": 143.69699428570715,
    "m_value": 127,
    "first_errors": []
  },
  "fast": {
    "throughput": 7.157123677508263,
    "successful_acq": 72,
    "total_acq": 72,
    "success_rate": 100.0,
    "elapsed_time": 10.05990719795227,
    "latencies": [
      141.7378999999528,
      143.42610000016975,
      143.740600000001,
      143.77439999998387,
      143.67799999990893,
      144.02229999996052,
      143.54099999991377,
      143.68709999985185,
      143.77859999990505,
      143.75070000005508,
      143.68039999999382,
      143.83810000003905,
      143.68239999998877,
      143.75519999998687,
      143.73409999984688,
      143.75829999994494,
      143.70409999992262,
      143.7321000000793,
      143.75799999993433,
      143.78390000001673,
      143.70759999997063,
      143.7640999999985,
      127.67650000000685,
      143.81700000012643,
      143.65950000001249,
      143.7670000000253,
      15.934400000105597,
      143.76839999999902,
      143.72529999991457,
      143.6635000000024,
      143.75279999990198,
      143.74740000016573,
      143.6922999998842,
      143.72559999992518,
      143.76249999986612,
      143.74210000005405,
      143.7585000001036,
      143.7501999998858,
      143.70510000003378,
      143.7588000001142,
      143.71860000005654,
      143.757899999855,
      143.75810000001366,
      143.79060000010213,
      143.75300000006064,
      143.75799999993433,
      143.6665000001085,
      143.7892000001284,
      143.7046000000919,
      143.70670000016617,
      127.74289999993016,
      143.8045999998394,
      143.6530999999377,
      15.915600000198538,
      143.76519999996162,
      143.84549999999763,
      143.63269999989825,
      143.75569999992877,
      143.742199999906,
      143.82430000000568,
      143.78450000003795,
      143.7084000001505,
      143.77110000009452,
      143.74610000004395,
      143.74449999991157,
      143.79220000000714,
      143.81489999982477,
      143.61570000005486,
      143.84210000002895,
      143.72960000014245,
      143.7788000000637,
      143.75049999989642
    ],
    "mean_latency": 139.7167402777768,
    "m_value": 127,
    "method": "fast_acquisition_m127",
    "first_errors": []
  },
  "ultra": {
    "throughput": 0.9881545257059521,
    "successful_acq": 10,
    "total_acq": 10,
    "success_rate": 100.0,
    "elapsed_time": 10.119874715805054,
    "latencies": [
      1010.6788000000506,
      1009.5627000000604,
      1012.2490999999627,
      1010.2937999999995,
      1012.2596999999587,
      1012.4446999998327,
      1009.3237999999474,
      1013.2023000001027,
      1014.341899999863,
      1015.4347999998663
    ],
    "mean_latency": 1011.9791599999644,
    "m_value": 127,
    "method": "ultra_fast_acquisition_m127",
    "first_errors": []
  },
  "improvements": {
    "latency_improvement_percent": 2.7698937112188697,
    "throughput_improvement_percent": 2.8495323521337617,
    "latency_gain_ms": 3.9802540079303412,
    "throughput_gain_acq_per_s": 0.19829410013704596
  }
}