{
  "standard": {
    "throughput": 6.959785180624365,
    "successful_acq": 70,
    "total_acq": 70,
    "success_rate": 100.0,
    "elapsed_time": 10.05778169631958,
    "latencies": [
      139.3804999997883,
      143.78390000001673,
      143.65709999947285,
      143.7170999997761,
      143.78919999944628,
      143.71510000000853,
      143.9397000003737,
      143.6059000006935,
      143.6162999998487,
      144.14829999986978,
      143.3136999994531,
      143.79379999991215,
      145.05559999997786,
      142.47449999948003,
      143.7203999994381,
      144.71549999962008,
      144.53340000000026,
      142.13529999960883,
      144.07440000013594,
      143.68819999981497,
      144.9609999999666,
      142.1316999994815,
      143.9500999995289,
      143.53219999975408,
      143.71590000064316,
      145.26220000061585,
      142.20159999968018,
      143.95469999999477,
      144.49490000060905,
      142.89569999982632,
      143.6769000001732,
      143.92419999967387,
      143.89740000024176,
      143.98330000040005,
      144.17359999970358,
      143.15609999994194,
      144.4112999997742,
      143.37419999992562,
      143.06269999997312,
      143.98569999957544,
      145.27300000008836,
      143.0052000005162,
      142.743899999914,
      145.3929999997854,
      142.349099999592,
      144.45179999984248,
      142.9110999997647,
      143.26710000023013,
      145.6183999998757,
      142.43770000030054,
      143.2822999995551,
      143.68939999985741,
      145.2984000006836,
      142.43140000053245,
      143.83820000057312,
      143.55329999943933,
      143.60739999938232,
      144.12630000060744,
      143.82479999949283,
      143.34890000009182,
      144.83970000037516,
      142.9600000001301,
      143.74369999950432,
      143.3004999998957,
      143.84079999945243,
      144.14670000041951,
      143.25120000012248,
      143.74729999963165,
      144.13640000020678,
      143.26669999991282
    ],
    "mean_latency": 143.67552857137136,
    "m_value": 127,
    "first_errors": []
  },
  "fast": {
    "throughput": 6.957739523700727,
    "successful_acq": 70,
    "total_acq": 70,
    "success_rate": 100.0,
    "elapsed_time": 10.060738801956177,
    "latencies": [
      142.48660000066593,
      143.67570000013075,
      143.70340000004944,
      143.76649999940128,
      143.3911000003718,
      143.71399999981804,
      144.32329999999638,
      143.6028999996779,
      143.77929999955086,
      143.78739999938261,
      143.2899000001271,
      144.14469999974244,
      143.28020000084507,
      144.12470000024769,
      144.8071999993772,
      142.5638999999137,
      143.99279999997816,
      143.6872999993284,
      143.15280000027997,
      144.2440999999235,
      143.75420000033046,
      143.33609999994223,
      145.34770000045683,
      142.34940000005736,
      144.01699999962148,
      143.48719999998139,
      143.3591000004526,
      144.00389999991603,
      143.83639999959996,
      143.39529999961087,
      143.83120000002236,
      143.7177999996493,
      144.6417000006477,
      143.18120000007184,
      143.84630000040488,
      143.81670000057056,
      143.77210000020568,
      143.5263000003033,
      143.54219999950146,
      143.78919999944628,
      144.31409999997413,
      142.94840000002296,
      143.6825000000681,
      144.43310000024212,
      143.39959999961138,
      143.41850000073464,
      143.73990000058257,
      144.14770000075805,
      144.28199999929348,
      142.65400000022055,
      143.75100000052043,
      144.55230000021402,
      143.0156000005809,
      143.69619999979477,
      144.1027999999278,
      143.46350000050734,
      144.03529999981401,
      143.978000000061,
      143.53579999988142,
      144.15850000023056,
      143.3603999994375,
      143.79960000042047,
      143.70990000043093,
      144.13319999948726,
      143.06980000037584,
      145.90079999925365,
      142.12080000015703,
      143.37609999984124,
      143.7941000003775,
      143.8085999998293
    ],
    "mean_latency": 143.7207271428893,
    "m_value": 127,
    "method": "fast_acquisition_m127",
    "first_errors": []
  },
  "improvements": {
    "latency_improvement_percent": -0.031458782137342683,
    "throughput_improvement_percent": -0.029392529662165368,
    "latency_gain_ms": -0.045198571517943265,
    "throughput_gain_acq_per_s": -0.0020456569236380062
  }
}