scan_id,point_index,x,y,voltage_x_in_phase,voltage_x_quadrature,voltage_y_in_phase,voltage_y_quadrature,voltage_z_in_phase,voltage_z_quadrature,std_dev_x_in_phase,std_dev_x_quadrature,std_dev_y_in_phase,std_dev_y_quadrature,std_dev_z_in_phase,std_dev_z_quadrature
fa14e2c3-3cc4-4149-891e-681934b6f55e,0,600.0,600.0,0.634261974937522,0.07157641299762381,-0.0037122562775025294,0.003773947006006075,0.6372608115599601,0.07010787611969746,0.011745887620850567,0.0092647089258304,0.009980247481058276,0.0075122110764445785,0.011910668597354368,0.012125419845412209
fa14e2c3-3cc4-4149-891e-681934b6f55e,1,602.5,600.0,0.6405748752234769,0.0714985700021777,0.0006205832800246166,0.0008464066772763667,0.6364064289577469,0.0690895411482897,0.010752714663517071,0.007956879798253772,0.00957970171533904,0.011764479651651375,0.011631961943510951,0.008083266314548209
fa14e2c3-3cc4-4149-891e-681934b6f55e,2,605.0,600.0,0.6397134910376545,0.06861271032934471,0.001413835577358386,0.0030978823206563736,0.6375612461122248,0.07503351595952504,0.00847928030300619,0.012706771560528537,0.007972794898584292,0.009537632676653618,0.010832671069287285,0.01086689975915299
