scan_id,point_index,x,y,voltage_x_in_phase,voltage_x_quadrature,voltage_y_in_phase,voltage_y_quadrature,voltage_z_in_phase,voltage_z_quadrature,std_dev_x_in_phase,std_dev_x_quadrature,std_dev_y_in_phase,std_dev_y_quadrature,std_dev_z_in_phase,std_dev_z_quadrature
110c1632-f757-4e0d-871a-07d4979ffc51,0,600.0,600.0,0.005773040478501319,0.001932489633713346,0.0030493044384682618,-0.0024886200117293345,0.0005429780022144443,-0.001975217185747841,0.007890747555198824,0.01755705206821225,0.014282566687388457,0.0074050773763774756,0.008048110568419966,0.007875367712033985
110c1632-f757-4e0d-871a-07d4979ffc51,1,602.5,600.0,-0.001312035350941408,0.004015811380176348,0.003270167069146697,0.004532940110732819,-0.005997887082806177,-0.0008640091143853152,0.010928026734441279,0.009297713765072586,0.009403441083082439,0.005359803470748396,0.009362721963679725,0.00666337292764459
110c1632-f757-4e0d-871a-07d4979ffc51,2,605.0,600.0,-0.0031536368538113264,0.0026338368039037774,0.00412280866423704,0.00021594586301167327,-0.0026299555971091475,-0.002286769817677405,0.00882427895472493,0.008002368521742327,0.011066013493947976,0.008000603937325669,0.006991081737911175,0.010422550815840528
110c1632-f757-4e0d-871a-07d4979ffc51,3,607.5,600.0,0.0004995932555141046,-0.0036089400274024394,-0.0005617475837522888,0.005062599460907617,0.004898400443249514,0.0021680113562897187,0.008147167554155114,0.008337161663565464,0.009417701559855808,0.008184430837262948,0.009371139020965237,0.0069049657601064985
110c1632-f757-4e0d-871a-07d4979ffc51,4,610.0,600.0,0.00025815489944970246,0.0016534373207088005,0.0009695149017107382,-0.0001975834220329306,-0.0034029643303357658,0.000437628089876633,0.009407894407800071,0.00750311339424768,0.009183448001131345,0.007589085198667705,0.011086985498056092,0.01030326668012388
110c1632-f757-4e0d-871a-07d4979ffc51,5,612.5,600.0,-0.0003633153573317555,0.005660017430579337,0.0004434463206662343,0.00048178094160150435,0.003303571523629386,0.004071342828776735,0.009225190168889844,0.01072536827632638,0.007998614007242166,0.00897050066381672,0.011034731118669538,0.013310971423866492
110c1632-f757-4e0d-871a-07d4979ffc51,6,615.0,600.0,0.001748972186707371,0.002005949342711792,-0.0004166690063213341,-0.003170642443493652,-0.002971697101822453,-0.003588773265187066,0.004883087776010613,0.008707956130620715,0.01216777614116924,0.008937077467170845,0.010834221977248752,0.006717841065941899
