freq,gain,vdiv_opt,Vpp,Vrms,essais,user_ok
38765,2899,2.5833333333333335,18.71,6.6,"[(0.2, 9.9e+37), (0.5, 9.9e+37), (1, 9.9e+37), (2, 18.6), (2.5833333333333335, 18.71)]",o
32783,12,0.01,0.0533,0.0266,"[(0.2, 0.058), (0.01, 0.0533)]",o
28975,6994,6.731944444444444,49.05,17.4,"[(0.2, 9.9e+37), (0.5, 9.9e+37), (1, 9.9e+37), (2, 9.9e+37), (5, 48.47), (6.731944444444444, 49.05)]",o
53164,4531,3.8749999999999996,27.7,9.8,"[(0.2, 9.9e+37), (0.5, 9.9e+37), (1, 9.9e+37), (2, 9.9e+37), (5, 27.9), (3.8749999999999996, 27.7)]",o
