scan_id,point_index,x,y,voltage_x_in_phase,voltage_x_quadrature,voltage_y_in_phase,voltage_y_quadrature,voltage_z_in_phase,voltage_z_quadrature,std_dev_x_in_phase,std_dev_x_quadrature,std_dev_y_in_phase,std_dev_y_quadrature,std_dev_z_in_phase,std_dev_z_quadrature
89662a7d-54eb-4a0e-bca9-4bb58c0801b1,0,435.0,435.0,0.0009182162761688232,-0.0007176130056381225,0.0007127805948257447,-0.00025576844215393073,0.0008898331403732302,2.2240734100341798e-05,3.337368132948935e-05,2.0860087027484076e-05,3.084421000129019e-05,2.8640426401403193e-05,3.0109759155095855e-05,2.2811265308151468e-05
89662a7d-54eb-4a0e-bca9-4bb58c0801b1,1,455.0,435.0,0.0009273571014404297,-0.000702853775024414,0.0007026208877563476,-0.00025838842391967776,0.0008947528839111328,2.3026728630065923e-05,3.373830242457359e-05,3.333314138129388e-05,2.116380622695479e-05,2.464272746957287e-05,3.078858400120836e-05,2.7634909787835126e-05
89662a7d-54eb-4a0e-bca9-4bb58c0801b1,2,475.0,435.0,0.0009065136909484864,-0.0007013400077819826,0.000702649998664856,-0.00024994626045227056,0.0008830794095993043,2.6723814010620114e-05,3.4181049798209003e-05,2.584113110681507e-05,3.6827069910299566e-05,3.1081702457794775e-05,3.9853307467729546e-05,3.2137294474641266e-05
89662a7d-54eb-4a0e-bca9-4bb58c0801b1,3,495.0,435.0,0.0009374003648757936,-0.0007126641511917114,0.0007160701274871827,-0.00026278417110443114,0.0009123358726501466,1.2837910652160644e-05,2.5049086772571564e-05,1.0253258894130162e-05,3.1328411412223945e-05,2.144966771305873e-05,3.172332231582358e-05,1.4969694820595408e-05
89662a7d-54eb-4a0e-bca9-4bb58c0801b1,4,515.0,435.0,0.0009253484487533568,-0.0007013108968734742,0.0007056193113327027,-0.00025573933124542237,0.0008912304639816284,2.8441357612609868e-05,2.9203286108330127e-05,9.772722713675344e-06,3.2903612304421094e-05,2.4183380958127608e-05,3.668160582039255e-05,1.5709135046538193e-05
